company_name,year,cluster_label,cluster,financial_health_score,net_profit_margin_percentage,gross_profit_margin_percentage,ebitda_margin_percentage,current_ratio,debt_equity_ratio,roe,roa,roi,asset_turnover_ratio,cfo_percentage,cfi_percentage,cff_percentage,revenue,net_income,market_capitalization
AAPL,2009,Healthy,0,61.71252252772611,19.193567,40.139844,29.073535,2.7425,0.0,26.0272,17.3365,26.0272,1.356037,-153.644888,263.672111,-10.027223,42905.0,8235.0,189.8
AAPL,2010,Healthy,0,62.2126110760106,21.484094,39.377539,29.761594,2.0113,0.0,29.3214,18.6385,29.3214,1.364797,310.020007,-230.976992,20.956986,65225.0,14013.0,296.89
AAPL,2011,Healthy,0,59.15291506989897,23.946642,40.478896,32.890835,1.6084,0.0,33.8341,22.2753,33.8341,1.412896,-2595.366528,2795.228216,-99.861687,108249.0,25922.0,376.4
AAPL,2012,Healthy,0,67.68363614248479,26.665091,43.87124,37.389782,1.4958,0.0,35.3041,23.7033,35.3041,1.323983,5462.513426,-5180.128894,-182.384533,156508.0,41733.0,500.61
AAPL,2013,Healthy,0,63.50067630399041,21.67047,37.624481,32.623018,1.6786,0.1373,29.9776,17.8923,26.3592,1.216335,1527.640194,-961.400512,-466.239681,170910.0,37037.0,504.79
AAPL,2014,Healthy,0,46.67539973098068,21.614377,38.588036,33.069285,1.0801,0.3164,35.4201,17.042,28.1142,1.244854,-14388.674699,5440.722892,9047.951807,182795.0,39510.0,647.36
AAPL,2015,Healthy,0,63.09082948082235,22.845774,40.059902,35.293841,1.1088,0.539,44.7355,18.3899,30.9201,1.272352,1116.904893,-773.419461,-243.485432,233715.0,53394.0,586.86
AAPL,2016,Healthy,0,50.87786415122475,21.186798,39.075956,32.706978,1.3527,0.6786,35.6237,14.2024,22.4312,1.001673,-10413.679245,7229.08805,3284.591195,215639.0,45687.0,617.59
AAPL,2017,Healthy,0,27.059524957484438,21.092421,38.46986,31.191272,1.2761,0.863,36.0702,12.8826,20.9082,0.917929,-32935.897436,23818.461538,9217.435897,229234.0,48351.0,868.87
AAPL,2018,Healthy,0,63.38061407313167,22.414202,38.343719,30.799149,1.1329,1.0685,55.5601,16.2775,29.6348,1.198352,1376.849218,285.668563,-1562.517781,265595.0,59531.0,748.54
AAPL,2019,Healthy,0,62.232731217701776,21.238095,37.817768,29.394559,1.5401,1.194,61.0645,16.323,30.3113,1.310498,285.430464,188.786969,-374.217432,260174.0,55256.0,1304.76
AAPL,2020,Healthy,0,61.15369996173045,20.913611,38.233248,28.174781,1.3636,1.7208,87.8664,17.7256,35.0054,1.544177,-773.109727,41.10206,832.007667,274515.0,57411.0,2255.97
AAPL,2021,Healthy,0,59.23200744082248,25.881793,41.77936,32.86698,1.0746,1.9768,150.0713,26.9742,54.9839,1.947842,-2695.284974,376.813472,2418.471503,365817.0,94680.0,2913.28
AAPL,2022,Healthy,0,60.97487787797547,25.309641,43.309631,33.104674,0.8794,2.3695,196.9589,28.2924,66.6994,2.309533,-1115.330533,204.108839,1011.221695,394328.0,99803.0,2066.94
AIG,2009,Moderate,2,61.23699489857112,-16.228611,24.671624,36.800668,1.0,1.1552,-45.3061,-1.5123,-6.0641,0.356937,-400.949299,-124.660194,625.609493,75447.0,-12244.0,4.04
AIG,2010,Moderate,2,61.153670721265044,2.80932,23.049884,29.062599,1.0,0.7548,32.1262,1.9393,6.6699,0.366506,-644.293478,384.782609,359.51087,72829.0,2046.0,7.79
AIG,2011,Moderate,2,61.90168343704149,30.427771,28.710545,23.385301,1.0,0.7349,18.4222,3.4107,10.6183,0.366496,14.490161,-6520.214669,6605.724508,65105.0,19810.0,44.06
AIG,2012,Moderate,2,60.38751799412583,4.827702,30.647064,27.139327,1.0,0.4915,3.7489,0.6742,2.5134,0.483906,-1331.884058,-6018.84058,7450.724638,71214.0,3438.0,52.11
AIG,2013,Moderate,2,62.34080665397376,13.190754,31.818974,24.569504,1.0,0.4125,8.9117,1.6641,6.3093,0.482389,486.318408,588.640133,-974.958541,68874.0,9085.0,75.16
AIG,2014,Moderate,2,60.754425958701304,11.689905,29.840388,26.009999,1.0,0.291,7.0606,1.469,5.469,0.465065,-1007.444668,-2874.044266,3981.488934,64406.0,7529.0,78.41
AIG,2015,Moderate,2,58.41094401677012,3.76498,18.113395,17.072711,1.0,0.3242,2.4631,0.4472,1.8601,0.488271,-3196.666667,-9402.222222,12698.888889,58327.0,2196.0,76.66
AIG,2016,Moderate,2,57.084715491638484,-1.62125,9.998663,9.175626,1.0,0.4022,-0.337,-0.052,-0.2403,0.485913,-4432.911392,-4116.455696,8649.367089,52367.0,-849.0,67.08
AIG,2017,Moderate,2,60.15842902491955,-12.285945,13.830775,12.99475,1.0,0.4815,-9.2226,-1.2161,-6.2251,0.508699,-1486.311787,2669.391635,-1083.079848,49520.0,-6084.0,53.56
AIG,2018,Moderate,2,61.71144997334718,-0.012661,14.604655,14.55401,1.0,0.6027,0.1797,0.0209,0.1121,0.515944,-62.341772,-35.28481,197.626582,47389.0,-6.0,34.86
AIG,2019,Moderate,2,69.7671000749176,6.685965,24.072287,23.754674,1.0,0.5243,6.1561,0.7849,4.0097,0.484009,7529.166667,22812.5,-30241.666667,49746.0,3326.0,44.65
AIG,2020,Moderate,2,60.69154855133667,-13.656942,15.803914,15.595848,1.0,0.5586,-8.7433,-0.9946,-5.5694,0.417582,-979.245283,5850.943396,-4771.698113,43736.0,-5973.0,32.62
AIG,2021,Moderate,2,60.94580831480509,17.97837,29.433121,29.54838,1.0,0.4377,14.5016,1.6646,10.0157,0.525431,-853.125,445.652174,507.472826,52057.0,9359.0,47.21
AIG,2022,Moderate,2,57.184967612544845,18.156529,36.787923,36.571753,1.0,0.6435,27.0084,2.1411,16.2446,0.813058,-4428.421053,3816.842105,711.578947,56437.0,10247.0,46.99
AMZN,2009,Moderate,2,62.33434515621721,3.680281,22.56722,6.148762,1.3304,0.2007,17.1581,6.5301,17.1581,3.882872,487.130178,-345.710059,-41.420118,24509.0,902.0,58.24
AMZN,2010,Moderate,2,62.98753831642326,3.368027,22.34534,5.771255,1.3254,0.2274,16.7832,6.1286,13.6736,4.059883,1106.012658,-1063.291139,57.278481,34204.0,1152.0,80.79
AMZN,2011,Moderate,2,62.0777078815396,1.312478,22.441084,4.045594,1.1741,0.0329,8.1346,2.4962,7.8757,6.00047,261.770624,-129.443327,-32.327297,48077.0,631.0,78.72
AMZN,2012,Moderate,2,61.93755414401318,-0.063837,24.752427,4.640466,1.1207,0.3765,-0.4761,-0.1198,-0.3459,5.417829,146.97609,-126.40647,79.43038,61093.0,-39.0,113.63
AMZN,2013,Moderate,2,62.666112254230235,0.368022,27.226938,5.369903,1.0716,0.3274,2.8114,0.6823,2.118,5.755037,829.545455,-647.878788,-81.666667,74452.0,274.0,182.54
AMZN,2014,Moderate,2,61.89368455726624,-0.270823,29.482627,5.53333,1.1153,0.7695,-2.2437,-0.4422,-1.268,4.682051,110.194878,-81.575133,71.380254,88988.0,-241.0,143.7
AMZN,2015,Moderate,2,62.53629671038377,0.556978,33.040203,7.956563,1.0536,0.6147,4.4531,0.9205,2.7579,4.951427,705.272408,-377.855888,-227.41652,107006.0,596.0,316.83
AMZN,2016,Moderate,2,62.26469350676591,1.743549,35.09306,9.046453,1.0448,0.399,12.2945,2.8429,8.7883,5.040342,433.215815,-239.637371,-93.578444,135987.0,2371.0,356.31
AMZN,2017,Moderate,2,63.4079396531758,1.705216,37.068355,8.761652,1.04,0.893,10.9459,2.3098,5.7824,3.390951,1519.023987,-2240.198511,821.174524,177866.0,3033.0,563.54
AMZN,2018,Moderate,2,62.133286955138246,4.325274,40.247416,11.920803,1.0981,0.5395,23.1303,6.1931,15.0245,3.47366,287.992126,-115.944882,-72.047244,232887.0,10073.0,734.42
AMZN,2019,Moderate,2,62.7987203711859,4.13087,40.990011,12.950856,1.097,0.3773,18.6723,5.1446,13.5573,3.28191,924.262059,-582.697384,-241.564675,280522.0,11588.0,916.15
AMZN,2020,Moderate,2,63.13747655592115,5.52525,39.567792,12.453635,1.0502,0.3406,22.8374,6.6411,17.0348,3.08315,1235.071976,-1114.432604,-20.639372,386064.0,21331.0,1634.16
AMZN,2021,Moderate,2,60.95213079780842,7.101413,42.032514,12.624356,1.1358,0.3526,24.134,7.9334,17.8428,2.512549,-836.831647,1050.469653,-113.638006,469822.0,33364.0,1691.0
AMZN,2022,Moderate,2,62.03698801306889,-0.52959,43.80534,10.539065,0.9446,0.4598,-1.8638,-0.5883,-1.2768,2.410875,247.771477,-199.273941,51.502464,513983.0,-2722.0,856.94
BCS,2009,At Risk,1,61.90646146043647,11.95396,100.0,0.002174,1.0,8.5152,19.5283,0.8282,5.1862,0.052785,79.407902,21.846474,-1.254376,45992.04,5497.87,36.84
BCS,2010,At Risk,1,61.95520714952606,14.346522,100.0,0.00204,1.0,9.3328,6.0555,0.2531,1.5241,0.049286,141.367846,-42.570743,1.202897,49030.07,7034.11,47.13
BCS,2011,At Risk,1,61.94845859509758,12.971951,100.0,0.002046,1.0,7.6045,4.6122,0.1923,1.368,0.054294,137.126248,-9.016307,-28.109941,48866.82,6338.98,33.47
BCS,2012,At Risk,1,61.81289542292754,-3.584342,100.0,0.002172,1.0,7.688,-0.3749,-0.0158,-0.0829,0.053098,57.978608,30.008046,12.013347,46036.06,-1650.09,52.82
BCS,2013,At Risk,1,61.83577571512321,1.936646,100.0,0.002288,1.0,6.6208,2.0282,0.0988,0.547,0.057321,60.068247,54.033741,-14.101989,43712.69,846.56,55.49
BCS,2014,At Risk,1,62.15624487556385,-0.474529,100.0,0.002399,1.0,5.0612,1.2811,0.0622,0.3671,0.063254,367.124226,-374.64899,107.524764,41677.15,-197.77,60.47
BCS,2015,At Risk,1,62.00348647119696,-1.272895,100.0,0.002569,1.0,3.6646,0.9459,0.0556,0.251,0.08285,222.363282,-116.283027,-6.080256,38919.16,-495.4,53.45
BCS,2016,At Risk,1,61.82264829227704,8.162789,100.0,0.00344,1.0,3.5002,3.1346,0.1844,0.8387,0.066793,24.179454,78.642124,-2.821578,29072.54,2373.13,46.21
BCS,2017,At Risk,1,61.844271325890574,-9.119364,100.0,0.003682,1.0,5.2797,1.9707,0.1148,0.3862,0.050839,93.152171,5.373311,1.474518,27162.75,-2477.07,45.79
BCS,2018,At Risk,1,62.164431593563506,6.595379,100.0,0.003545,1.0,5.8975,3.7191,0.2093,0.6186,0.048046,355.221545,28.279054,-283.500599,28212.33,1860.71,31.68
BCS,2019,At Risk,1,61.867966763411744,15.134983,100.0,0.00362,1.0,5.3348,5.1081,0.2942,0.9201,0.052007,50.325411,52.498866,-2.824277,27621.9,4180.57,40.78
BCS,2020,At Risk,1,61.93479426582535,7.010921,100.0,0.003578,1.0,6.0327,3.6796,0.1824,0.602,0.046275,137.371285,-43.897649,6.526364,27947.54,1959.38,34.66
BCS,2021,At Risk,1,61.954708664603075,29.056513,100.0,0.003315,1.0,6.3396,10.2918,0.522,1.6696,0.042575,91.787367,8.011861,0.200771,30169.69,8766.26,43.6
BCS,2022,At Risk,1,62.17513075964949,20.127426,100.0,0.00324,1.0,7.1602,8.624,0.3946,1.284,0.044156,326.680395,-234.201447,7.521053,30868.08,6212.95,32.53
GOOG,2009,Healthy,0,62.544429376960885,27.567545,62.606232,41.588094,10.6178,0.0,18.1091,16.1,18.1091,0.656899,608.888889,-524.117647,15.228758,23651.0,6520.0,195.27
GOOG,2010,Healthy,0,62.23043802313726,29.006514,64.472562,40.165752,4.1579,0.0749,18.3928,14.7016,18.3928,0.589907,321.095335,-309.475514,88.38018,29321.0,8505.0,188.54
GOOG,2011,Healthy,0,61.46341373035935,25.687904,65.207756,35.860704,5.9192,0.0723,16.7461,13.4167,15.9281,0.60795,-396.974652,518.969747,-21.995094,37905.0,9737.0,207.65
GOOG,2012,Healthy,0,62.23910292286906,23.321532,62.6925,36.482113,4.2166,0.0772,16.1096,12.3169,15.4652,0.595963,346.807179,-272.45409,25.646912,46039.0,10737.0,230.54
GOOG,2013,Healthy,0,62.34908423743748,22.934491,60.386534,34.838524,4.5817,0.0601,15.0729,11.8644,14.6965,0.599841,452.558816,-331.772981,-20.785836,55519.0,12733.0,371.53
GOOG,2014,Healthy,0,41.22903145814054,21.417857,61.074832,32.537386,4.6878,0.0504,13.1138,10.5429,12.7185,0.604989,-19511.864407,17843.220339,1768.644068,66001.0,14136.0,354.75
GOOG,2015,Healthy,0,59.8033120079524,21.104429,62.442492,32.568777,4.6667,0.0434,13.5859,11.0863,13.3643,0.597268,-1948.093842,1738.343109,309.750733,74989.0,15826.0,521.67
GOOG,2016,Healthy,0,60.767811097816434,21.577012,61.075417,33.077809,6.2908,0.0283,14.0093,11.6289,13.6237,0.631402,-1041.201965,900.462294,240.739671,90272.0,19478.0,530.84
GOOG,2017,Healthy,0,60.32664198264228,11.422128,58.88052,29.85251,5.1403,0.026,8.3028,6.4178,8.0922,0.708488,-1422.20092,1204.026074,318.174847,110855.0,12662.0,726.47
GOOG,2018,Healthy,0,62.67841648281035,22.464716,56.476074,26.720704,3.919,0.0226,17.3036,13.2032,16.9214,0.753233,762.897583,-453.307888,-209.589695,136819.0,30736.0,719.63
GOOG,2019,Healthy,0,65.0347758291559,21.218112,55.580543,28.427563,3.3741,0.0226,17.0486,12.4472,16.6717,0.785734,2995.604396,-1620.384615,-1275.21978,161857.0,34343.0,917.82
GOOG,2020,Healthy,0,62.737013101161374,22.061942,53.578375,30.089247,3.0668,0.0626,18.0949,12.5992,17.0288,0.771865,819.891729,-412.602291,-307.289437,182527.0,40269.0,1179.4
GOOG,2021,Healthy,0,60.056586911470845,29.511677,56.939803,35.381176,2.9281,0.0589,30.2156,21.1633,28.5354,0.966902,-1751.423658,678.826677,1172.596981,257637.0,76033.0,1910.26
GOOG,2022,Healthy,0,68.59437587340751,21.203807,55.379443,32.092803,2.378,0.0574,23.4134,16.4188,22.1426,1.044266,6353.819444,-1409.583333,-4844.236111,282836.0,59972.0,1144.35
INTC,2009,Healthy,0,63.68630253866304,12.437726,55.686509,30.640248,2.7871,0.0533,10.4762,8.2286,9.9856,0.799671,1753.532182,-1250.392465,-403.139717,35127.0,4369.0,112.65
INTC,2010,Healthy,0,63.05824806684779,26.279715,65.311877,46.365449,3.3892,0.0428,23.1924,18.1433,22.2572,0.846299,1104.698875,-697.485109,-307.213766,43623.0,11464.0,117.31
INTC,2011,Healthy,0,56.82764217715919,23.967111,62.514121,43.595252,2.151,0.1597,28.1893,18.1977,24.4212,1.014199,-4786.073059,2351.826484,2534.246575,53999.0,12942.0,123.48
INTC,2012,Healthy,0,62.4544607738343,20.631409,62.149191,41.544028,2.4312,0.2626,21.4929,13.0467,17.1047,0.825087,552.810304,-411.592506,-41.217799,53341.0,11005.0,102.61
INTC,2013,Healthy,0,61.06938284433638,18.251499,59.803066,38.557714,2.3647,0.2308,16.5133,10.416,13.4694,0.735103,-743.32737,646.618962,196.708408,52708.0,9620.0,129.02
INTC,2014,Healthy,0,61.17136295412683,20.948631,63.735457,42.770718,1.7319,0.2444,20.9505,12.7356,17.231,0.803672,-659.070368,319.722402,439.347966,55870.0,11704.0,175.46
INTC,2015,Healthy,0,62.02281684166005,20.630476,62.648361,41.031524,2.4492,0.3711,18.6953,11.2558,14.0777,0.660926,149.195889,-64.195497,14.999608,55355.0,11420.0,162.57
INTC,2016,Healthy,0,61.61336469841441,17.370805,61.011669,35.231616,1.749,0.3818,15.577,9.1029,11.8745,0.64896,-223.717686,264.844071,58.873615,59387.0,10316.0,171.88
INTC,2017,Healthy,0,60.74240039097928,15.297717,62.296649,41.71221,1.6934,0.3885,13.9107,7.7899,10.2078,0.6549,-1039.492243,741.043724,398.448519,62761.0,9601.0,216.03
INTC,2018,Healthy,0,54.3845076467084,29.715729,61.73357,45.733119,1.7314,0.3535,28.2352,16.4524,21.1246,0.702014,-7109.178744,2714.7343,4494.444444,70848.0,21053.0,214.19
INTC,2019,Healthy,0,64.88219629136877,29.247551,58.556243,45.662475,1.4002,0.3742,27.1573,15.4171,20.4723,0.67569,2820.851064,-1225.957447,-1494.893617,71965.0,21048.0,260.35
INTC,2020,Healthy,0,64.16115484467791,26.839354,56.008322,46.126087,1.9087,0.4492,25.7891,13.6514,18.1833,0.663035,2146.259725,-1288.090963,-758.168761,77867.0,20899.0,104.16
INTC,2021,Healthy,0,58.878492041411356,25.141729,55.445181,39.542417,2.1323,0.3994,20.828,11.7977,15.4134,0.591984,-2837.764933,2355.39499,582.369942,79024.0,19868.0,209.45
INTC,2022,Moderate,2,62.0829368666324,12.709741,42.607923,24.374346,1.5676,0.4071,7.7619,4.4025,5.687,0.433857,244.309007,-165.854045,21.545037,63054.0,8014.0,109.08
MCD,2009,Healthy,0,60.01225213276143,20.009057,38.65428,35.424516,1.1431,0.7538,32.4286,15.0571,18.5044,0.924106,-1767.906548,508.853366,1359.053182,22744.7,4551.0,81.1
MCD,2010,Healthy,0,63.090403756270476,20.54572,40.030987,36.342452,1.4937,0.7862,33.7996,15.4692,18.9287,0.921001,1138.732268,-369.186569,-669.545699,24074.6,4946.3,102.66
MCD,2011,Healthy,0,78.25908493308596,20.377324,39.571206,36.824039,1.2547,0.8687,38.242,16.6812,20.7476,1.004278,15476.406926,-5564.718615,-9811.688312,27006.0,5503.1,88.56
MCD,2012,Healthy,0,47.442050911316656,19.823702,39.236406,36.612979,1.4464,0.8914,35.7326,15.4432,18.8923,0.953008,-13659.019608,6210.392157,7548.627451,27567.0,5464.8,96.55
MCD,2013,Healthy,0,63.75055226712877,19.874616,38.791775,36.823136,1.5931,0.8826,34.8907,15.2511,18.5335,0.932509,1762.985888,-661.995543,-1000.990344,28105.7,5585.9,91.19
MCD,2014,Healthy,0,58.19233858960692,17.3381,38.102058,34.960807,1.5232,1.162,37.0159,13.9006,17.1211,0.987486,-3489.00985,1194.867807,2394.142043,27441.3,4757.8,108.48
MCD,2015,Healthy,0,62.04292866632415,17.822768,38.520442,34.239169,3.2684,3.4033,63.9019,11.9385,14.5123,0.814254,111.695477,-24.255261,12.559784,25413.0,4529.3,101.08
MCD,2016,Healthy,0,61.41414180489835,19.033868,41.445624,37.612857,1.398,-11.775,-212.6069,15.1061,19.7958,1.036653,-97.982019,15.872195,182.109825,24621.9,4686.5,137.21
MCD,2017,Healthy,0,62.33942386692334,22.752888,46.540814,47.834832,1.8429,-9.0381,-158.8832,15.3602,19.7663,0.868736,691.824526,70.03988,-661.864407,22820.4,5192.3,136.89
MCD,2018,Healthy,0,61.2012023147583,27.868698,50.957997,48.474214,1.3631,-4.9654,-94.6616,18.0557,23.872,0.856584,-484.471488,170.730181,413.741307,21257.9,5924.3,148.82
MCD,2019,Healthy,0,77.02936006024886,28.202992,52.327236,50.025744,0.9826,-4.1627,-73.3883,12.6822,23.2571,0.822761,14452.135231,-5464.590747,-8887.544484,21364.4,6025.4,159.89
MCD,2020,Healthy,0,62.0261005630052,24.628016,50.771562,47.248514,1.01,-4.7848,-60.4545,8.9888,17.2823,0.648569,253.610751,-62.572863,-91.037889,19207.8,4730.5,200.31
MCD,2021,Healthy,0,62.322872379179195,32.490344,54.171529,52.638129,1.7782,-7.7424,-163.9903,14.0104,24.3223,0.7486,662.331546,-156.912042,-405.419504,23222.9,7545.2,193.02
MCD,2022,Healthy,0,61.28206652812559,26.646709,56.970314,48.491541,1.4266,-5.9805,-102.8983,12.2481,20.6601,0.77534,-394.673007,143.091473,351.581535,23182.6,6177.4,186.39
MSFT,2009,Healthy,0,61.42519113797052,24.931122,79.199822,39.230282,1.8229,0.1453,36.8295,18.7051,33.6435,1.289835,-453.693994,375.834128,177.859867,58437.0,14569.0,270.64
MSFT,2010,Healthy,0,57.13969715427656,30.023686,80.162922,42.844568,2.1293,0.1286,40.628,21.7853,36.7023,1.199007,-4525.0,2126.691729,2498.308271,62484.0,18760.0,238.78
MSFT,2011,Healthy,0,62.64704330301405,33.09838,77.729008,42.787699,2.6037,0.2088,40.555,21.2964,33.5488,1.013638,674.512744,-365.217391,-209.295352,69943.0,23150.0,218.38
MSFT,2012,Healthy,0,60.580925867551436,23.029448,76.221803,41.944848,2.6029,0.18,25.5835,14.0001,22.0276,0.941445,-1231.542056,965.186916,366.35514,73723.0,16978.0,224.8
MSFT,2013,Healthy,0,60.924677289207885,28.083855,73.814693,39.202816,2.7118,0.1976,27.6943,15.3499,23.8822,0.823421,-922.360845,761.708253,260.652591,77849.0,21863.0,312.3
MSFT,2014,Healthy,0,62.57442546244716,25.421211,68.816003,37.970587,2.504,0.2522,24.5857,12.8051,19.9893,0.772346,649.520384,-376.358913,-173.161471,86833.0,22074.0,382.88
MSFT,2015,Healthy,0,60.794010348077165,13.029493,64.695448,33.784997,2.4734,0.4407,15.2255,6.9885,11.3012,0.81109,-988.603799,766.444518,322.15928,93580.0,12193.0,443.17
MSFT,2016,Healthy,0,65.47359431315594,22.532198,64.038879,36.564495,2.3529,0.7425,28.5276,10.6162,18.2481,0.726589,3393.584521,-2438.900204,-854.684318,91154.0,20539.0,483.16
MSFT,2017,Healthy,0,65.58062922107601,26.394052,64.522476,39.145292,2.9186,0.9827,29.0602,10.1829,15.5626,0.55531,3483.862434,-4125.308642,741.446208,96571.0,25489.0,659.91
MSFT,2018,Healthy,0,62.94850319612162,15.015404,65.247372,41.064697,2.9008,0.9217,20.0331,6.4018,10.6937,0.694266,1036.711552,-143.184503,-793.527049,110360.0,16571.0,779.67
MSFT,2019,Healthy,0,50.305156505486515,31.181711,65.901957,43.419976,2.5288,0.7053,38.3465,13.6937,23.22,0.721149,-10986.315789,3320.631579,7765.684211,125843.0,39240.0,1203.06
MSFT,2020,Healthy,0,64.57240197939963,30.962486,67.781002,45.977695,2.5158,0.5353,37.4298,14.6961,24.8935,0.787388,2506.195787,-504.874019,-1901.321768,143015.0,44281.0,1681.61
MSFT,2021,Healthy,0,73.93253014361962,36.45174,68.925801,48.54719,2.08,0.4095,43.1522,18.3568,31.9017,0.839885,11335.302806,-4073.412112,-7161.890694,168088.0,61271.0,2525.08
MSFT,2022,Healthy,0,0.0,36.686337,68.401674,49.348363,1.7846,0.2989,43.6755,19.937,34.0575,0.916553,-58575.657895,19941.447368,38734.210526,198270.0,72738.0,1787.73
MSFT,2023,Healthy,0,62.36757112419171,34.146238,68.920086,48.313711,1.7692,0.2291,35.0887,17.5644,29.1528,0.83606,417.71355,-108.169981,-209.543568,211915.0,72361.0,2451.23
NVDA,2009,Moderate,2,61.69353047080677,-0.877116,34.286657,3.337947,2.7845,0.0107,-1.2545,-0.8966,-1.2412,1.415072,-80.62597,67.695939,112.930031,3424.86,-30.04,10.37
NVDA,2010,Moderate,2,63.52064271525263,-2.043921,35.380661,2.937666,3.1628,0.0092,-2.551,-1.8959,-2.5278,1.236755,1651.354096,-1758.056872,206.702776,3326.45,-67.99,8.95
NVDA,2011,Moderate,2,62.14327336802524,7.14445,39.767618,12.495096,3.4232,0.0074,7.9569,5.6314,7.8988,1.105556,309.801045,-297.827084,88.026038,3543.31,253.15,8.46
NVDA,2012,Healthy,0,100.0,14.534772,51.43962,21.323535,4.1995,0.0052,14.0166,10.4646,13.9445,0.959363,36077.777778,-45371.428571,9393.650794,3997.93,581.09,7.66
NVDA,2013,Healthy,0,63.18301717242208,13.142967,52.015345,20.430778,4.8916,0.0039,11.6523,8.7728,11.6066,0.883139,1269.711909,-1146.187028,-23.524881,4280.16,562.54,9.11
NVDA,2014,Healthy,0,62.04300116971293,10.653753,54.915254,17.917676,5.949,0.3083,9.8734,6.0682,7.5468,0.708367,199.28401,-192.362768,93.078759,4130.0,440.0,10.9
NVDA,2015,Healthy,0,61.70141790961042,13.477147,55.510466,21.507903,6.3761,0.3164,14.2825,8.7627,10.8494,0.805041,-138.320611,110.992366,127.328244,4682.0,631.0,17.73
NVDA,2016,Healthy,0,63.09071616694657,12.255489,56.107784,19.421158,2.5746,0.3379,13.7391,8.3311,13.4472,0.837922,1186.868687,-404.040404,-682.828283,5010.0,614.0,57.53
NVDA,2017,Healthy,0,62.0463977671121,24.109986,58.798842,30.694645,4.774,0.4877,28.9136,16.9292,21.4249,0.806101,142.905983,-67.777778,24.871795,6910.0,1666.0,117.26
NVDA,2018,Healthy,0,62.10649495767044,31.367099,59.934116,35.093679,8.0269,0.2677,40.7844,27.1061,32.2229,1.025659,156.618962,57.155635,-113.774597,9714.0,3047.0,81.44
NVDA,2019,Healthy,0,61.83401773597752,35.344828,61.206897,34.704677,7.9436,0.2128,44.3267,31.1541,36.549,1.034071,-116.242236,127.236025,89.006211,11716.0,4141.0,144.0
NVDA,2020,Healthy,0,61.946272323162965,25.609086,61.989375,29.556695,7.6738,0.1631,22.9105,16.1479,19.6971,0.769173,47.073364,60.757366,-7.83073,10918.0,2796.0,323.24
NVDA,2021,Healthy,0,61.832354155009874,25.97901,62.344828,33.763118,4.0904,0.4122,25.6438,15.0464,18.9526,0.698977,-57.936113,195.790626,-37.854513,16675.0,4332.0,735.86
NVDA,2022,Healthy,0,62.786324392509094,36.23393,64.929033,41.669763,6.6503,0.4113,36.6451,22.0698,25.9652,0.716608,796.850394,-860.017498,163.167104,26914.0,9752.0,359.5
NVDA,2023,Healthy,0,62.28357418193593,16.193371,56.928894,21.383555,3.5156,0.4956,19.7638,10.6066,13.7341,0.816052,403.216583,527.162259,-830.378842,26974.0,4368.0,1000.35
PCG,2009,At Risk,1,62.86158158443321,9.105157,62.668856,30.2336,0.8303,1.2063,11.658,2.8734,5.6624,0.573742,986.688312,-1083.116883,196.428571,13399.0,1220.0,18.76
PCG,2010,At Risk,1,60.37516189741549,7.940178,62.509934,30.438552,0.7713,1.1613,9.6497,2.4183,4.8681,0.555229,-1358.474576,1634.322034,-175.847458,13841.0,1099.0,16.73
PCG,2011,At Risk,1,63.582818984914105,5.64322,64.34207,27.794865,0.8362,1.1241,6.9457,1.7246,3.5574,0.569991,1684.234234,-1795.495495,211.261261,14956.0,844.0,17.14
PCG,2012,At Risk,1,57.190420605861426,5.425532,66.602394,26.363032,0.8186,1.0062,6.2284,1.5825,3.2117,0.562566,-4358.928571,4041.071429,417.857143,15040.0,816.0,18.1
PCG,2013,At Risk,1,58.34703488190542,5.218618,61.636107,24.61213,0.7977,1.0127,5.6736,1.4891,3.0317,0.531026,-3263.809524,4863.809524,-1500.0,15598.0,814.0,25.29
PCG,2014,At Risk,1,59.12185413474491,8.402575,61.562317,28.572264,1.0792,0.9802,9.0625,2.4116,4.6699,0.539403,-2544.827586,3251.034483,-606.206897,17090.0,1436.0,26.09
PCG,2015,At Risk,1,47.52135029948988,5.192182,65.769619,24.475732,0.9136,1.0164,5.2769,1.4043,2.7112,0.496081,-13500.0,18610.714286,-5010.714286,16833.0,874.0,30.73
PCG,2016,At Risk,1,59.11374777184331,7.885203,69.546021,27.368957,0.8149,1.0134,7.7342,2.0511,4.0887,0.482312,-2548.554913,3325.433526,-676.878613,17666.0,1393.0,23.06
PCG,2017,At Risk,1,64.1387842631974,9.606069,70.498979,33.609571,0.881,0.9824,8.5251,2.4407,4.4594,0.443897,2197.426471,-2077.205882,-20.220588,17135.0,1646.0,12.32
PCG,2018,At Risk,1,61.99323451729902,-40.879527,73.154723,-39.763709,0.2205,1.7046,-52.9877,-8.8798,-52.9877,0.480236,389.827728,-538.474159,248.646432,16759.0,-6851.0,5.75
PCG,2019,At Risk,1,56.24170262040303,-44.696129,77.646097,-40.04904,1.3321,0.0,-141.8337,-8.9699,-141.8337,3.179102,-4914.285714,6508.163265,-1493.877551,17129.0,-7656.0,24.73
PCG,2020,At Risk,1,63.87443684056058,-7.136282,78.894364,28.27982,0.707,1.9227,-6.1356,-1.3326,-2.2275,0.29733,2013.684211,815.578947,-2729.263158,18469.0,-1318.0,24.1
PCG,2021,At Risk,1,61.023429055231496,-0.494138,78.776281,25.607984,0.6356,2.1152,-0.4146,-0.0852,-0.148,0.312219,-706.875,2157.8125,-1350.9375,20642.0,-102.0,32.2
PCG,2022,At Risk,1,62.42227296955119,8.302583,77.601476,26.259225,0.8117,2.2563,7.8613,1.5289,2.5615,0.288531,581.40625,-1595.9375,1114.53125,21680.0,1800.0,41.28
PYPL,2014,Moderate,2,62.17787345068949,5.221184,52.560748,22.23053,1.3224,0.1325,5.08,1.9118,5.08,0.859129,356.340289,-462.439807,206.099518,8025.0,419.0,
PYPL,2015,Healthy,0,61.47650256884124,13.278547,51.027249,22.372405,1.5163,0.0,8.9251,4.2519,8.9251,0.672142,-333.246073,1052.094241,-618.848168,9248.0,1228.0,44.23
PYPL,2016,Moderate,2,61.35730442099355,12.92197,47.417451,21.306032,1.5246,0.0,9.5228,4.2322,9.5228,0.736949,-446.045198,833.898305,-287.853107,10842.0,1401.0,47.63
PYPL,2017,Healthy,0,61.95915436700741,13.708569,48.869711,22.391935,1.4279,0.0625,11.223,4.4023,11.223,0.770524,118.826291,-210.56338,191.737089,13094.0,1795.0,88.48
PYPL,2018,Moderate,2,61.950013004575496,13.313054,46.527733,19.222057,1.2725,0.1299,13.3693,4.7471,13.3693,0.888773,108.278996,16.22209,-24.501087,15451.0,2057.0,99.09
PYPL,2019,Moderate,2,62.00974188286816,13.836372,44.941481,20.431015,1.43,0.2933,14.5254,4.7903,11.2314,0.811719,161.804452,-228.219396,166.414944,17772.0,2459.0,127.01
PYPL,2020,Healthy,0,62.17245551906987,19.586091,46.616016,20.872565,1.3264,0.4455,20.944,5.9705,14.4887,0.739766,292.246241,-777.490602,585.244361,21454.0,4202.0,274.41
PYPL,2021,Healthy,0,68.58920693070405,16.432147,46.986717,21.784715,1.2218,0.3705,19.1881,5.4998,14.0012,0.852038,6370.32967,-5658.241758,-612.087912,25371.0,4169.0,221.57
PYPL,2022,Moderate,2,62.29999119759198,8.79061,42.346828,18.729559,1.2753,0.5138,11.9315,3.073,7.8818,0.896621,453.432137,-266.848674,-86.583463,27518.0,2419.0,81.19
SHLDQ,2009,Moderate,2,61.4195160632689,0.113321,27.051529,2.743211,1.3412,0.301,1.0207,0.3907,0.8368,3.706492,-344.444444,221.180556,223.263889,46770.0,53.0,8.98
SHLDQ,2010,Moderate,2,62.20294384047244,0.541974,27.642989,3.600092,1.3018,0.2655,2.9677,1.1287,2.515,3.631493,392.447917,-44.791667,-247.65625,43360.0,235.0,8.22
SHLDQ,2011,Moderate,2,61.75057952884077,0.311738,27.339209,3.061129,1.3375,0.3707,1.6137,0.5706,1.2685,3.613385,-32.539683,107.407407,25.132275,42664.0,133.0,3.39
SHLDQ,2012,Moderate,2,61.69553825740495,-7.554069,25.503404,-1.558929,1.112,0.8047,-71.8728,-14.5924,-48.5301,5.305837,44.934641,50.490196,4.575163,41567.0,-3140.0,4.47
SHLDQ,2013,Moderate,2,61.954337193992735,-2.333517,26.381292,-0.020073,1.1011,0.9836,-33.2283,-5.4498,-20.6061,6.334096,217.985612,-137.410072,19.42446,39854.0,-930.0,4.9
SHLDQ,2014,Moderate,2,61.432188458702896,-3.771969,24.193103,-0.538853,1.0946,1.9464,-51.1223,-6.1114,-22.2444,5.626251,-242.669584,145.295405,197.374179,36188.0,-1365.0,3.51
SHLDQ,2015,Moderate,2,62.276908045338196,-5.391371,22.91493,-2.849542,1.0479,-3.9958,191.5344,-13.7277,-84.5005,11.020014,178.967742,-42.193548,-36.774194,31198.0,-1682.0,2.19
SHLDQ,2016,Moderate,2,80.98440931304894,-4.48978,23.105066,-2.266762,1.1116,-1.5215,57.6687,-9.9497,-742.1052,24.651636,18058.333333,-20991.666667,3033.333333,25146.0,-1129.0,1.11
SHLDQ,2017,Moderate,2,58.87230164468481,-10.032523,21.167224,-7.272563,1.0673,-1.0887,58.0805,-23.7236,884.8605,65.267485,-2877.083333,508.333333,2468.75,22138.0,-2221.0,0.37
SHLDQ,2018,Moderate,2,57.93717581823512,-2.293139,21.117231,-0.31134,0.7756,-1.1099,10.2874,-5.274,25.9837,40.820446,-3684.0,3788.0,-4.0,16702.0,-383.0,0.04
